slug	feat
ahgassi-gopchang-34.0633_-118.3039	Infatuation Best Korean BBQ in LA — #5
angler-37.793_-122.3923	Michelin ★ — wood-fired seafood
arsicault-37.7808_-122.4133	Beli — #4 Best Bakeries in SF
b-patisserie-37.7878_-122.4409	Beli — #1 Best Bakeries in SF
bestia-34.0337_-118.2293	Infatuation LA top 25 — #18
bistro-na-s-34.1048_-118.0723	Infatuation LA top 25 — #3
bodega-37.7849_-122.4092	Infatuation SF top 25 — Northern Vietnamese, stay-a-while energy
butter-crumble-37.805_-122.4096	Beli — #3 Best Bakeries in SF
californios-37.7715_-122.4129	Michelin ★★★; Infatuation SF top 25 — #7; Beli — #2 Top Restaurants in SF
chong-qing-special-noodles-34.103_-118.0917	Infatuation SGV guide — thick handmade strands, spicy tangy broth
chosun-galbee-34.0524_-118.3103	Infatuation Best Korean BBQ in LA — #8
damsot-34.0625_-118.2977	Infatuation Best Korean Restaurants in LA — #7
dha-rae-ok-34.0505_-118.3089	Michelin Bib Gourmand
fondry-34.123_-118.2129	Beli — #2 Best Bakeries in LA
golden-deli-34.1028_-118.1117	Infatuation SGV guide — big beefy basil-laced phở
good-alley-34.0798_-118.0848	Infatuation SGV guide — standout Kaifeng guan tang bao
good-mong-kok-bakery-37.7954_-122.4084	Infatuation SF top 25 — #15
gwen-34.0978_-118.3334	Michelin ★ — butcher-shop-meets-tasting-menu
holbox-34.0175_-118.2784	Michelin ★; Infatuation LA top 25 — #2; Beli — #8 Top Restaurants in LA
ipoh-kopitiam-34.0779_-118.1232	Michelin Bib Gourmand five years running — Perak-style kopitiam
jeong-yuk-jeom-34.0629_-118.3095	Infatuation Best Korean BBQ in LA — #15
kali-34.0834_-118.3244	Michelin ★
kato-34.0341_-118.241	Michelin ★★; Beli — #3 Top Restaurants in LA
khao-tiew-37.7411_-122.465	Beli — #14 Top Restaurants in SF
kod-34.0342_-118.2297	Michelin Guide selection — Arts District Japanese
lao-xi-noodle-house-34.1293_-118.055	Infatuation SGV guide — the SGV's most unique noodles
liu-s-cafe-34.0636_-118.3084	Michelin Bib Gourmand
lunasia-dim-sum-house-34.0922_-118.1323	Infatuation SGV guide — dim sum that simply tastes better
luv2eat-thai-bistro-34.0977_-118.3359	Infatuation LA top 25 — #8
mat-34.0637_-118.3993	Beli — #9 Top Restaurants in LA
mian-34.0801_-118.1044	Infatuation SGV guide — chewy Chongqing noodles, creeping spice
moo-s-craft-barbecue-34.0733_-118.2182	Michelin Bib Gourmand; Infatuation LA top 25 — #12
niku-steakhouse-37.7696_-122.4036	Michelin ★ — wagyu temple; Infatuation SF top 25 — #20
nisei-37.7981_-122.422	Michelin ★ — Japanese-American kaiseki
out-of-ordi-34.0574_-118.3076	Beli 2025 standouts — fresh pastries and breakfast
outta-sight-pizza-37.7945_-122.4039	Infatuation SF top 25 — the slices others aspire to
parks-bbq-34.0538_-118.292	Infatuation Best Korean BBQ in LA — #2
petitgrain-boulangerie-34.0256_-118.4906	Infatuation — among the best bakeries in the country; Beli — #3 Best Bakeries in LA
pijja-palace-34.0811_-118.2704	Michelin Bib Gourmand; James Beard 'Best New Restaurant' nominee
pine-crane-34.0905_-118.2771	Michelin Bib Gourmand
providence-34.0836_-118.3302	Michelin ★★★; Beli — #2 Top Restaurants in LA
quarter-sheets-34.0758_-118.2543	Michelin Bib Gourmand; Infatuation LA top 25 — #13
r-publique-34.0641_-118.3437	Beli — #1 Best Bakeries in LA
restaurant-ki-34.0501_-118.2414	Michelin ★; Infatuation Best Korean Restaurants in LA — #6
rintaro-37.7688_-122.4151	Michelin Bib Gourmand; Infatuation SF top 25 — #10
rok-coffee-and-tea-34.0524_-118.3023	Beli 2025 standouts — LA coffee pick
rok-coffee-and-tea-34.0894_-118.2769	Beli 2025 standouts — LA coffee pick
san-ho-won-37.7596_-122.4102	Michelin ★; Infatuation SF top 25 — #1; Beli — #7 Top Restaurants in SF
sea-harbour-seafood-restaurant-34.0798_-118.0735	Infatuation SGV guide — truffle siu mai and custard tarts
soowon-galbi-34.0564_-118.2914	Infatuation Best Korean BBQ in LA — #12
sun-moon-studio-37.8145_-122.2861	Michelin ★ — the Bay's warmest starred dining
sun-nong-dan-34.0592_-118.3088	Infatuation Best Korean Restaurants in LA — #15
sushi-gen-34.0467_-118.2387	Infatuation Best Sushi in LA — #1
sushi-kaneyoshi-34.0501_-118.2414	Michelin ★; Infatuation Best Sushi in LA — #24
tsukiyo-sushi-34.0621_-118.3133	Beli 2025 — among LA's top-rated new spots
villa-s-tacos-34.1086_-118.1969	Michelin Bib Gourmand
z-y-restaurant-37.796_-122.406	Michelin Bib Gourmand — Sichuan heat in Chinatown
